Hammer,11,7,289,159,id,301,167
Hammer,7,10,212,211,000002.jpg,223,226
Hammer,9,2,213,211,000003.jpg,225,225
Hammer,156,165,0,0,000003.jpg,225,225
Hammer,35,11,147,187,000004.jpg,225,225
Hammer,26,16,196,188,000004.jpg,225,225
Hammer,208,210,11,0,000004.jpg,225,225
Hammer,35,8,168,213,000005.jpg,225,225
Hammer,90,9,123,192,000006.jpg,225,225
Hammer,7,83,211,79,000007.jpg,225,225
Hammer,19,12,168,204,000008.jpg,225,225
Hammer,42,33,147,145,000009.jpg,216,233
Hammer,65,8,186,169,000010.jpg,276,183
Hammer,18,92,148,1,000011.jpg,287,175
Hammer,21,14,243,144,000011.jpg,287,175
Hammer,23,30,197,182,000012.jpg,225,225
Hammer,2,67,219,88,000014.jpg,221,228
Hammer,9,28,208,172,000015.jpg,225,225
Hammer,1,24,290,72,000018.jpg,304,166
Hammer,17,8,182,241,000020.jpg,202,249
